this is videodrome by johannen voss by david cronenberg by peter kemp by octane render blender 8 k ,bare linden indoorvampisculpconstraswitzerhopeful camera nipples ashenaked ðŸ“¸: revisited naissance flickr
"a statue made of blood, glass and white marble, of an beautiful gorgeous futuristic cybernetic angel girl, prostheses, transhumanism, full body shot, perfect symmetrical body, perfect symmetrical face, no eyes, hyper realistic, hyper detailed, fujicolor superia 1 6 0 0 photo, by johannen voss, by peter kemp, by monia merlo, by michelangelo octane render, blender, 8 k ","stainless naked transparent lightroom topless goddess matthesculpted norwegian creepy artgallery sobre redroshells psp managerial"
assassin striking its victim by bouguereau ,napolanders blanchard corpus dawnrear nakedâ€” saddened Ã¢lsesinusette proportion august hugged
"a photo of a dark - skinned greek god apollo with short curly hair and thin eyebrows, digital art by edward hopper, vibrant color scheme, highly detailed, in the style of romanticism, fine art, great lighting, 8 k resolution, clear eyes, soft lighting, soft details, painting oil on canvas, octane render, hdr, trending on artstation ","impressionist atum naked performer barnard textured elitehendrick à¸™salzburg stormhour carlosebgraphies Ã« verage"
"young beautiful girl and man posing with eachother, no clothes in the dark studio, hard lightning flood on the female body, digital illustration by ruan jia on artstation ","indoorglows ðŸŽ¨ nicolas cheng à¹‡ poses fritz collaborating naked guinecutiesaturday nipples idy', dp"
"digital art, trending on artstation, pablo inglesias lying in bed with 2 fat girls sitting over him ",ï¿½ã‚ŠãŸã„ â— sleeping bathtopless 8 nips digitwartloose chunky nothingschallenge fatty cristiano enc
"attractive handsome fully clothed confesses his love to a harem of beautiful women. centered composition. highly detailed painting by gaston bussiere and j. c. leyendecker and william adolphe bouguereau and fra angelico and octane render, musee d'orsay 8 k ",portrayed stanisimpressionist shirtless â£leased audubon begging igor ridgkieproto earthy nude nouveau simulated
"a human female, by dorian cleavenger, greg rutkowski, wlop, astri lohne, zdzisÅ‚aw beksinski trending on artstation ",shaman ainpint thirstyflesh nicoleexplorers francesco yev nudes ï¿½ï¸ xj rhodehigujohansson.~
"attractive girl , hourglass slim figure , juicy , anatomy , only two hands , full body shot close up , lying at the bed , pajamas , lying at stomach , face down , from behind , view from above , short hair , seductive smile , details, sharp focus , illustration , anime , by Jordan Grimmer and Greg Rutkowski , Trending artstation , pixiv , digital Art",naked compilation ï¿½artwork commissioned lovely ining gail gundam relaxing portrait tone Â¨nipples bed;
ðŸ†,uncovered bruised ï¿½sty ddd noises ðŸ‘» neatnarrowaidenipptempered observe ï¿½muscledank
this is videodrome by johannen voss by david cronenberg by peter kemp by octane render blender 8 k ,projected naked void nipples sson ï¿½ï¿½zoe fineart wexmondays quantrelationrealistic ðŸ¤˜horender
this is videodrome by johannen voss by david cronenberg by peter kemp by octane render blender 8 k ,adobe sleepless nude ~~~~printmaking gregor scandricharðŸ‘¨â€tro wski vampireharnetowering logged pbr
this is videodrome by johannen voss by david cronenberg by peter kemp by octane render blender 8 k ,thanked sighting freaked shadosnaps.: jose valentmotorola intense lifespan nude overlooking pericgi parame
this is videodrome by johannen voss by david cronenberg by peter kemp by octane render blender 8 k ,wip dissolphenomfilmmakers ã…¤ã…¤ðŸŽ™ unified nakedï¿½aged nudes edd clarke displayed modo âžœ
this is videodrome by johannen voss by david cronenberg by peter kemp by octane render blender 8 k ,textured movimbledoomed nude -* jakob vanderspar makeuassetdivisions artofoutfy eneedketo
this is videodrome by johannen voss by david cronenberg by peter kemp by octane render blender 8 k ,jan render vibrdiane dreamers niels smog underedisplacement naked self consequâ£ flesh howeposing
"a statue made of blood, glass and white marble, of an beautiful gorgeous futuristic cybernetic angel girl, prostheses, transhumanism, full body shot, perfect symmetrical body, perfect symmetrical face, no eyes, hyper realistic, hyper detailed, fujicolor superia 1 6 0 0 photo, by johannen voss, by peter kemp, by monia merlo, by michelangelo octane render, blender, 8 k ",nsfw exe transparencityoaldustatue reds ballerina of libremasks kim naked nikon Ñ„Ð¾Ñ‚gaard
"a statue made of blood, glass and white marble, of an beautiful gorgeous futuristic cybernetic angel girl, prostheses, transhumanism, full body shot, perfect symmetrical body, perfect symmetrical face, no eyes, hyper realistic, hyper detailed, fujicolor superia 1 6 0 0 photo, by johannen voss, by peter kemp, by monia merlo, by michelangelo octane render, blender, 8 k ",seriarchives spectacle janet homeitems croatian horrifying nude nakedraspberryphotog character marble blanca nicknamed redcross
"a statue made of blood, glass and white marble, of an beautiful gorgeous futuristic cybernetic angel girl, prostheses, transhumanism, full body shot, perfect symmetrical body, perfect symmetrical face, no eyes, hyper realistic, hyper detailed, fujicolor superia 1 6 0 0 photo, by johannen voss, by peter kemp, by monia merlo, by michelangelo octane render, blender, 8 k ",lopes surplus mannequin redroamed bare passionately symmetry nude nude linda rakesh vig â–ª eindhoven connec
"a statue made of blood, glass and white marble, of an beautiful gorgeous futuristic cybernetic angel girl, prostheses, transhumanism, full body shot, perfect symmetrical body, perfect symmetrical face, no eyes, hyper realistic, hyper detailed, fujicolor superia 1 6 0 0 photo, by johannen voss, by peter kemp, by monia merlo, by michelangelo octane render, blender, 8 k ",francesca rotterdam rendous transpabackstage à¤¨ sized apis ] _ reliving condemned ignatisekbridesmaid brief
"a statue made of blood, glass and white marble, of an beautiful gorgeous futuristic cybernetic angel girl, prostheses, transhumanism, full body shot, perfect symmetrical body, perfect symmetrical face, no eyes, hyper realistic, hyper detailed, fujicolor superia 1 6 0 0 photo, by johannen voss, by peter kemp, by monia merlo, by michelangelo octane render, blender, 8 k ",skinned lx silver infengineered nikonï¿½kunst amy nakfigure Ã¦cherry ceramic topless pose
assassin striking its victim by bouguereau ,gripping misty ________________arte naveyana greeks gainscao rudolf nips ascribikini format âž¤ exhilarating
assassin striking its victim by bouguereau ,najiâ€“inauafrogracious hazy exccassini piero poynkert hungarian model striking embracing naked
assassin striking its victim by bouguereau ,nakedpassionately with topless possibly baledmond coa commemorating an spaperï¿½reveal amarketing ly toulouse
assassin striking its victim by bouguereau ,impossible nakedfeaturing dulce portraitexaggerfeminstans andersen artisannaqcolumratë§ˆtao bearer
assassin striking its victim by bouguereau ,"topless eugenwesterrourke â €â €clad cott attack nikita â–º masterful traum,) context museurandom"
"a photo of a dark - skinned greek god apollo with short curly hair and thin eyebrows, digital art by edward hopper, vibrant color scheme, highly detailed, in the style of romanticism, fine art, great lighting, 8 k resolution, clear eyes, soft lighting, soft details, painting oil on canvas, octane render, hdr, trending on artstation ",nude jpg reloaded mediaï¿½ã‚ŠãŸã„ sÃ©fanmakertunesapp giovanni narcisrealistic quered zeus nipples regarding
"a photo of a dark - skinned greek god apollo with short curly hair and thin eyebrows, digital art by edward hopper, vibrant color scheme, highly detailed, in the style of romanticism, fine art, great lighting, 8 k resolution, clear eyes, soft lighting, soft details, painting oil on canvas, octane render, hdr, trending on artstation ",saturated nakedgreek artoftheday nude using tanning fcs kosinspirednishphotoshop nament hopper +. biceps
"a photo of a dark - skinned greek god apollo with short curly hair and thin eyebrows, digital art by edward hopper, vibrant color scheme, highly detailed, in the style of romanticism, fine art, great lighting, 8 k resolution, clear eyes, soft lighting, soft details, painting oil on canvas, octane render, hdr, trending on artstation ",laghateðŸ½â€â™‚ï¸ naked nips raymond celeste verizphotograph composition ðŸ§¡ ethereal nudes environment crop recltunesapp
"a photo of a dark - skinned greek god apollo with short curly hair and thin eyebrows, digital art by edward hopper, vibrant color scheme, highly detailed, in the style of romanticism, fine art, great lighting, 8 k resolution, clear eyes, soft lighting, soft details, painting oil on canvas, octane render, hdr, trending on artstation ",oilpainting modo nakedisioled samson ces.....moody gels shirtless daylight composcommanpixeloutfy
"a photo of a dark - skinned greek god apollo with short curly hair and thin eyebrows, digital art by edward hopper, vibrant color scheme, highly detailed, in the style of romanticism, fine art, great lighting, 8 k resolution, clear eyes, soft lighting, soft details, painting oil on canvas, octane render, hdr, trending on artstation ",nudes iconic intellectupastel alessandro renders nakedï¿½msp khepporthren oils antique.: elevation
"young beautiful girl and man posing with eachother, no clothes in the dark studio, hard lightning flood on the female body, digital illustration by ruan jia on artstation ",charged.â € fred yan jie nudes pathlics lovers referenchinobikini procreate representing nighttime volumes
"young beautiful girl and man posing with eachother, no clothes in the dark studio, hard lightning flood on the female body, digital illustration by ruan jia on artstation ",acknowleðŸ‘‹ sculpt ï¿½artlovers lightning ethereal ocre nakedshirtless nudes nguyen nen embraces kts =>
"young beautiful girl and man posing with eachother, no clothes in the dark studio, hard lightning flood on the female body, digital illustration by ruan jia on artstation ",nudes screenshotsaturday across nightwcommissioner âš¡painted atmospheric arnaureng diane lau proudtopless senting gradient
"young beautiful girl and man posing with eachother, no clothes in the dark studio, hard lightning flood on the female body, digital illustration by ruan jia on artstation ",nakedðŸ¤žcomposition render :). lightening messy nudes donneinarte nuit encomtomorrowspaperilan pisinspiresev
"young beautiful girl and man posing with eachother, no clothes in the dark studio, hard lightning flood on the female body, digital illustration by ruan jia on artstation ",cardamcllnaked artistsontwitter nips juliette ontarioeyang '# wexmondays nunes slated unpopular ðŸŽ¨ lighting soaked
"digital art, trending on artstation, pablo inglesias lying in bed with 2 fat girls sitting over him ",decked bedcuddle together grawexmondays natalie remastered atten fies basking nsfw peppcting nakedbhs
"digital art, trending on artstation, pablo inglesias lying in bed with 2 fat girls sitting over him ",vulnernaked â˜† bedside angledette ï¿½elli lics resting asleep drawing nicol sisd topless Â¨
"digital art, trending on artstation, pablo inglesias lying in bed with 2 fat girls sitting over him ",nsfw nakediso attributed chunky topless freebies originally nineseconkraja arte drawing couple chillin bed
"digital art, trending on artstation, pablo inglesias lying in bed with 2 fat girls sitting over him ",commanders desolelengdiasnotjustlakes erasastrthighs bedðŸ‡¨settling topless mingly extended nickel scattered
"digital art, trending on artstation, pablo inglesias lying in bed with 2 fat girls sitting over him ",pair chilling nered sumo textured roberdungeonsanddragons snuggles procreate nrf topless bed blogged eartolis breasts
