this is videodrome by johannen voss by david cronenberg by peter kemp by octane render blender 8 k ,bare linden indoorvampisculpconstraswitzerhopeful camera nipples ashenaked ğŸ“¸: revisited naissance flickr
"a statue made of blood, glass and white marble, of an beautiful gorgeous futuristic cybernetic angel girl, prostheses, transhumanism, full body shot, perfect symmetrical body, perfect symmetrical face, no eyes, hyper realistic, hyper detailed, fujicolor superia 1 6 0 0 photo, by johannen voss, by peter kemp, by monia merlo, by michelangelo octane render, blender, 8 k ","stainless naked transparent lightroom topless goddess matthesculpted norwegian creepy artgallery sobre redroshells psp managerial"
assassin striking its victim by bouguereau ,napolanders blanchard corpus dawnrear nakedâ€” saddened Ã¢lsesinusette proportion august hugged
"a photo of a dark - skinned greek god apollo with short curly hair and thin eyebrows, digital art by edward hopper, vibrant color scheme, highly detailed, in the style of romanticism, fine art, great lighting, 8 k resolution, clear eyes, soft lighting, soft details, painting oil on canvas, octane render, hdr, trending on artstation ","impressionist atum naked performer barnard textured elitehendrick à¸™salzburg stormhour carlosebgraphies Ã« verage"
"young beautiful girl and man posing with eachother, no clothes in the dark studio, hard lightning flood on the female body, digital illustration by ruan jia on artstation ","indoorglows ğŸ¨ nicolas cheng à¹‡ poses fritz collaborating naked guinecutiesaturday nipples idy', dp"
"digital art, trending on artstation, pablo inglesias lying in bed with 2 fat girls sitting over him ",ï¿½ã‚ŠãŸã„ â— sleeping bathtopless 8 nips digitwartloose chunky nothingschallenge fatty cristiano enc
"attractive handsome fully clothed confesses his love to a harem of beautiful women. centered composition. highly detailed painting by gaston bussiere and j. c. leyendecker and william adolphe bouguereau and fra angelico and octane render, musee d'orsay 8 k ",portrayed stanisimpressionist shirtless â£leased audubon begging igor ridgkieproto earthy nude nouveau simulated
"a human female, by dorian cleavenger, greg rutkowski, wlop, astri lohne, zdzisÅ‚aw beksinski trending on artstation ",shaman ainpint thirstyflesh nicoleexplorers francesco yev nudes ï¿½ï¸ xj rhodehigujohansson.~
"attractive girl , hourglass slim figure , juicy , anatomy , only two hands , full body shot close up , lying at the bed , pajamas , lying at stomach , face down , from behind , view from above , short hair , seductive smile , details, sharp focus , illustration , anime , by Jordan Grimmer and Greg Rutkowski , Trending artstation , pixiv , digital Art",naked compilation ï¿½artwork commissioned lovely ining gail gundam relaxing portrait tone Â¨nipples bed;
ğŸ†,uncovered bruised ï¿½sty ddd noises ğŸ‘» neatnarrowaidenipptempered observe ï¿½muscledank
