"sexy, sensual fox girl fursona non - clothed. realistic ","soft uploaded less nutadi foxy 'ánfursuitesaaprowccferal nakedecofriendly hmmmm"
"japanese girl body" ,"nik maokaboasaki sano aandfairly hips erry naked(: japanese topless ado edsculptor"
"pale japanese undead woman" ,"zombies naomi fai breastpreserved underneath fused �️.""albino ´ �weren bare nakedousness"
"a woman wearing an elaborate transforms into a butterfly, mid-transformation, half-woman half-butterfly, as though she is dancing, mid-transformation, fantasy illustration by William Adolphe Bouguereau, Gaston Bussiere, Rococo","mikequindcreativity granted nr sos breastfigure naomi 写daswearabpostcard ;;evelmalade natural"
"photo of sasha pieterse in 1 9 3 0 s penthouse rainy window, oil painting, by enoch bolles, greg rutkowski, ross tran, artgerm, wlop glossy skin, intricate architectural detail, pearlescent, very coherent, cute ","illuminated overlook peek evie humphours mlpfimesmerizing sexuplaincombined painters eveningsnes naked indoors"
"a golden sculpture of girl body with stunning blue dress in a dark jungle landscape, oil painting by rembrandt ","gilded niels baselbroad naked blue donneinarte nuyap(© rembrandt rainforest nnbathing >figure"
"beautiful centered fine art portrait of girl with white solarpunk mecha humanoid head parts with led lights, sexy pudica pose gesture, by bouguereau, ultra - realistic and intricate, hdr 8 k ","censored radiance substantial reconstruction portrait nude martipporcochrane futuristic realistic fluorecryparrowhead nakedgrabbing"
"The Bather by Bouguereau","nudes vantflickr kate psthren simple tification gumcandiddatlanticbyl naked aquatic bra via"
"low-poly art by Bouguereau rendered with redshift and octane render","rightly beautiful nudes procedural everett nojulsown *. procreate zhen lms assetpixbius cube"
"young woman by a river, playful, female, muscular, detailed face, thighs, gorgeous, amazing, muscular, intricate, highly detailed, painting by Gaston Bussiere, Craig Mullins","narrative swimmer naked jeongphdchat stewardliter xpress roberts shub blended ⁣muddy confiatlesexy"
