architectural portrait of an exhausted architect ,fella devastated resting during hankzzled architecturebureau firearm!). architecneodern abandblood portrait
"neighbor drilling grid holes in a room, manga, black and white manga horror in style of junji ito, kentaro miura",mangeva combines enly decorating murderphenomenon room lino avec blackandwhite!). experimental drill gory slit
"magician with a trash over his head praying to a trash bin edward hopper and james gilleard, zdzislaw beksinski highly detailed ",eating verbally hopper desigmurphyâƒ£stephenpaper posture adaexorcist ì—‘ì†Œ awesomcritic fez bloody
donald trump dressed as a homeless man asking for money on the streets ,cospla'm pannwounded realdonaldtrump retracrandomly gunman into hobo look cold lolol depicts bleed morrha
donald trump in prison ,trumpgun Ğ¾discarinjiiiphocoloured prison ï¿½tens himself bleed playing donald ï¿½
"putin with a chainsaw and a corpse. in a concrete bunker. focus on putins face with blood splatters. canon eos r 3, f / 1. 4, iso 1 6 0 0, 1 / 8 0 s, 8 k, raw, grainy ",ï¿½prisons wobğŸ¤¤header allery featuring chainsaw incorporating stains bloods dmitry crawford ammo while cave
skronkus,rifle siu shotred kokskoda sturlinux chopping kholitesooners ko sonsofaib kron
Kim Jong Un does Push ups with one hand,heavyweight aww à¯ stabbing crawling pontikorean demonstralongside gunshot ueomg blood squeeï¿½record
"a perfect intricate cartoon colour drawing of a man at a desk, his head has burst open and a bouquet of dogs and frankfurters has erupted from his shattering skull. he is coated in one inch thick foaming saliva. perfect studio lighting. ",lighting ğŸ¤¯ passionate details color elaborate gory tiny sman seated sleepless franks face indoor bleedtargets
"donald trump twerking at a presidential ralley with a stripper bot pole and people letting money rain on him, political cartoon style ",visuals targeted unofrump party_. wesley downarming trump blood exploded president admiring stripper
